<service>
	<id>SpringBootDemo</id>
	<name>Spring Boot REST Demo</name>
	<description>An example Spring Boot Windows service</description>
	<workingdirectory>%BASE%\</workingdirectory>
	<logpath>%BASE%\logs</logpath>
	<logmode>rotate</logmode>

	<executable>java</executable>
	<startargument>-Dspring.application.admin.enabled=true</startargument>
	<startargument>-Dcom.sun.management.jmxremote.port=50201</startargument>
	<startargument>-Dcom.sun.management.jmxremote.authenticate=false</startargument>
	<startargument>-Dcom.sun.management.jmxremote.ssl=false</startargument>
	<startargument>-jar</startargument>
	<startargument>SpringBootWindowsService.jar</startargument>

	<stopexecutable>java</stopexecutable>
	<stopargument>-jar</stopargument>
	<stopargument>SpringBootStopper.jar</stopargument>
	<stopargument>50201</stopargument>
</service>